strategy,model,rmse_X,rmse_Z,avg_rmse
environment_split,gradient_boosting,16.397452249714927,9.525641498414245,12.961546874064586
few_shot_split,linear,11.872776311768865,6.8374880218493095,9.355132166809087
time_split,linear,17.59860511524925,5.70303285169444,11.650818983471844
