strategy,model,rmse_X,rmse_Z,avg_rmse
environment_split,gradient_boosting,16.004150038756777,10.033529548675785,13.018839793716282
few_shot_split,linear,12.958115206712488,6.850301469373178,9.904208338042833
time_split,linear,17.867090302974812,6.209341103927471,12.038215703451142
